file,collection_label,target,loo_genuine_probability,loo_prediction,duration_s,sample_rate_hz,cadence_bpm,periodicity,spectral_entropy,accel_mag_mean,accel_mag_std,accel_mag_p10,accel_mag_p90,accel_mag_rms,gyro_mag_mean,gyro_mag_std,gyro_mag_p10,gyro_mag_p90,gyro_mag_rms
gait_20260919_215813_andrew_normal_1.csv,normal_1,genuine,0.9759689301948026,genuine,29.001250865869224,99.16813634354942,103.37698139214336,0.06947832104060818,0.736536847415356,10.824020584380655,3.7408006110567578,6.813941451795058,15.819469622054738,11.452205500373225,1.7973913999020443,1.3271121902308958,0.6153621635094371,3.4663423330878618,2.2342431850408038
gait_20260919_215853_andrew_normal_2.csv,normal_2,genuine,0.9793198087690644,genuine,28.38576001022011,99.1694426707785,107.74647887323943,0.11105667954577216,0.7169747382581312,11.088336271524494,4.4608312200235565,6.6362912028904795,16.990257746371388,11.951996337179098,1.8838205430083426,1.3958954776615093,0.48579735566790927,3.753707043638995,2.344633025190957
gait_20260919_215933_andrew_normal_3.csv,normal_3,genuine,0.9883998172829976,genuine,29.54538846993819,99.16945255200193,103.51826792963465,0.10521297935356295,0.7014333275872623,10.884629171121189,3.6702074372224223,6.81943994245317,15.734396359456435,11.486756497160767,1.8652835268177594,1.286761561417896,0.5641206183120947,3.643591979385255,2.266062212597068
gait_20260919_220137_andrew_normal_4.csv,normal_4,genuine,0.9585476322417232,genuine,26.369455995969474,99.16776441651653,109.17361637604245,0.0798274405664316,0.73832305158511,11.240623785537545,4.460808153514508,6.4112841953419775,17.030837050225543,12.093404502887262,2.1058180418348416,1.4760154466904358,0.6594202467036784,3.786168790456291,2.5715931295961054
gait_20260919_222050_andrew_normal_5.csv,normal_5,genuine,0.9578297362612893,genuine,28.236424942035228,52.2020759719363,104.10764872521247,0.08904459522821864,0.7040627794280664,11.126317168302199,4.285667061718863,6.743101154538441,16.45818266791502,11.923165514810162,1.935162458888514,1.4819266758899154,0.4719783312778204,3.782677745019958,2.4374085449521123
gait_20260919_222211_andrew_fast_1.csv,fast_1,genuine,0.9792310949121495,genuine,24.928490962833166,75.69651940879213,122.69446672012832,0.142782550796839,0.663915091222452,12.411736752889707,6.1212329708174185,6.392294451477923,21.74088141212687,13.839100487605954,2.7297437270057427,1.736156328770325,0.6637630232262776,5.223262544379973,3.2350795373617105
gait_20260919_222300_andrew_fast_2.csv,fast_2,genuine,0.9304619080191335,genuine,23.698714792262763,52.3235125140558,121.51898734177216,0.19728072134707308,0.6575801289797393,12.361074061871959,6.205056963583848,6.184069746735542,20.963216471533922,13.8310839735866,2.7616557788559706,1.8143033145018734,0.5133984204534136,5.215884105102908,3.304306153778893
gait_20260919_222328_andrew_fast_3.csv,fast_3,genuine,0.9163263512374904,genuine,23.940498393028975,50.75082314718165,127.71285475792988,0.1269663861355039,0.6839029593705203,12.499069192687337,6.3869252163490255,5.7535652699188935,21.461051298887757,14.036365070872899,2.889748340391127,1.86804135502544,0.6074365972806665,5.4070698052689945,3.440962652351599
gait_20260919_222401_andrew_slow_1.csv,slow_1,genuine,0.5026200379059353,genuine,22.3065363666974,51.913034859541845,80.64516129032258,0.12255458636274523,0.6985386677890338,10.433851325909867,3.042469591047895,7.784884177967244,13.873603234047911,10.868388781399121,1.5457139481815534,1.6019782686270116,0.35208172986888114,3.313320270892808,2.2261100562991496
gait_20260919_222427_andrew_slow_2.csv,slow_2,genuine,0.8129257657669096,genuine,22.710033368784934,51.651179060454176,84.50704225352113,0.11181291442060244,0.6651999754308499,10.393831230514653,3.3895971337115536,7.16737687224873,13.703740296576397,10.932570437792172,1.6347204095690633,1.5903343772320326,0.39984692560722057,3.6459326002763652,2.280674077738343
gait_20260919_222452_andrew_slow_3.csv,slow_3,genuine,0.5124218603884455,genuine,24.535465378314257,51.23196078078075,73.34963325183375,0.10954693108958019,0.7205137221875721,10.405468957100826,3.155188718718633,7.9129506745473535,13.676632524991492,10.87331596468705,1.5394053746085525,1.5781215341870733,0.37167241380908933,3.759741969244341,2.2045944035215777
gait_20260919_222536_andrew_normal_upside_down_1.csv,normal_upside_down_1,genuine,0.9810625817195915,genuine,30.565417489036918,51.75784039486539,109.87573577501634,0.10279374554760498,0.6919965703953327,10.498635412240326,3.5208101490858095,6.532569096746962,14.971568723018281,11.073276372648353,1.7872389594134435,1.2451657193121786,0.46087669681411536,3.474426922756202,2.178224223213823
gait_20260919_222612_andrew_normal_upside_down_2.csv,normal_upside_down_2,genuine,0.9597899005832202,genuine,31.53368421504274,51.84931734744918,108.43373493975905,0.07655550303186243,0.7185178334452936,10.645154658078672,3.6473074572764705,6.848813875826689,14.850456744770444,11.252651660045228,1.8176360025231852,1.3168483696963593,0.34985062141205525,3.6366962006886423,2.2445245078725304
gait_20260919_222647_andrew_normal_upside_down_3.csv,normal_upside_down_3,genuine,0.9881893244078725,genuine,31.52332529379055,51.04156953635028,104.62904248573241,0.11861475821696064,0.6814153418504905,10.711061294772875,3.751059902036808,6.908512932325388,15.343882949511977,11.348889128414726,1.9531527721276314,1.2979520607414086,0.6359284931223714,3.7966260931160614,2.3450981436291145
gait_20260919_222731_andrew_normal_left_1.csv,normal_left_1,genuine,0.9965558518949588,genuine,31.281100902240723,74.16618766872793,105.43130990415335,0.1334126776121595,0.6766949166602164,10.811004962294698,3.8971291520718334,6.616146973954984,15.956327016140996,11.491973021317476,1.7446763552178042,1.120562323465969,0.5579552477561335,3.2595114807010788,2.0735369553561216
gait_20260919_222807_andrew_normal_left_2.csv,normal_left_2,genuine,0.984553798996386,genuine,29.123503145761788,68.60438423221623,109.12834591626631,0.1308145068800223,0.7048958723663779,10.909217578415898,4.096719277051339,6.3690666862853265,16.357397282746888,11.653074144112466,1.9602307222825324,1.2871431110787683,0.6161944303134356,3.5255989891291097,2.345046241117183
gait_20260919_222840_andrew_normal_left_3.csv,normal_left_3,genuine,0.9940222921064459,genuine,29.345184022095054,51.86540997166796,104.22343324250683,0.156359235719262,0.6324512089223691,10.80583343684969,3.758262933314809,6.832666178085992,15.7531825000299,11.44074195762088,1.8253100439976349,1.2425105320396925,0.496134853536022,3.4434788462552155,2.208073635309341
gait_20260919_222931_andrew_abnormal_rightleg_rightpocket_1.csv,abnormal_rightleg_rightpocket_1,altered_gait,0.5802052421084373,genuine,23.092739599756896,51.83447355083851,75.32467532467533,0.09131826612552274,0.7507731157754642,10.224380814632319,2.6516184245746532,8.331404370471455,13.157422503831535,10.562624830607456,1.3327065072484963,1.5283795999867522,0.2724340833735512,3.2247651975154983,2.0278192316175896
gait_20260919_223000_andrew_abnormal_rightleg_rightpocket_2.csv,abnormal_rightleg_rightpocket_2,altered_gait,0.12166866311589193,altered_gait,24.544938405044377,50.80477202353548,131.9218241042345,0.07921541668279053,0.8168493189100905,10.366255648143875,2.732146463425094,8.028055621028225,13.721774716973261,10.720255615435716,1.5359905063191939,1.5877498303910949,0.3125785672191338,3.4118608654171174,2.209121173546088
gait_20260919_223030_andrew_abnormal_rightleg_rightpocket_3.csv,abnormal_rightleg_rightpocket_3,altered_gait,0.21471533067129955,altered_gait,21.035726261790842,51.1510744439777,82.69961977186313,0.05330537992166417,0.8214484233849835,10.579039290325117,3.4580937684769566,7.491491314967873,13.708313501265456,11.129891500721007,1.735029610151628,1.5563346615920988,0.324790446174941,3.7109302346991138,2.330773546910103
gait_20260919_223103_andrew_abnormal_leftleg_rightpocket_1.csv,abnormal_leftleg_rightpocket_1,altered_gait,0.09812508919566508,altered_gait,21.469255736097693,51.14290003793002,134.0782122905028,0.09568949431003806,0.8175598332615241,10.807363087236737,3.4827890139578805,7.456589896204572,15.544331336272739,11.354686971251692,1.8421226172153575,1.5867226181357772,0.39969588624130026,4.184389333199931,2.431276291119546
gait_20260919_223129_andrew_abnormal_leftleg_rightpocket_2.csv,abnormal_leftleg_rightpocket_2,altered_gait,0.07434608949256148,altered_gait,20.087877965997905,51.822298092514636,143.28358208955223,0.05830107284705034,0.8361219515866533,10.863404846465327,3.776696819659464,7.331821300410151,15.94688115595809,11.501174015109598,1.9569388353965154,1.586641799365581,0.45858382974043177,3.788313931933558,2.5193336033517117
gait_20260919_223152_andrew_abnormal_leftleg_rightpocket_3.csv,abnormal_leftleg_rightpocket_3,altered_gait,0.9702155257665988,genuine,19.92653349786997,51.08766158995082,87.26178535606819,0.18926403917696277,0.7149450932231631,10.868922435230667,4.0304469189103305,6.930090233899682,16.35404642218609,11.59215153753669,2.149009538359404,1.8222742357694899,0.5336219649775675,4.530394915497041,2.8176098712044895
